,X,LakeTroutLG,POS,CM,SNP,SNPID,cor.SS,cor.SL,cor.LS,cor.LL,pheno,RADTag,LG,unlist.map.,MappedChromosome,pred_cm.y,LOD
16,16,002069F|arrow|pilon,128535,NA,28583_222,CLocus_28583,0.01671718,0.125445615,0.152840312,0.10300968,K,TGCAGGCTGATTACACCTCTGCTCGTAGTTTCACTCAGTTTGGTGATCTCTGGATATTTAGAAAAGATACTTGGAGACGTAGTAGCGAAACAGATCAGCTCCAATCTTTGCCCGTGGTCCTTCTGGTGGAGTGTGTGGAATCAATGTTTCTCCCGGGTTGCTGTTCTTGTTGGCGTTACAGACAGTGCACTGAGACACAATGTCCTCAATCTGTGTTGACATACCTGGCCAATATTGAATGTCTCTTGCTATTTCTTTGCACTTGACTATTTCCAGGTGTGATTTGTGAACTATGTTCAGCATTTCTTGTCTCTTGATACAATAAGCTTTGCGGCTTTGAACATCCGTCCTAAACTGTAGCTGATTTCCTCCTTGAATGTCCAGTATGGATTGATTTCTTTGGGAACCTCACTCTATTCACTGGGCCATACGCTCATCGTTGTTTCTCTCAGCAGTTGTATTGTGGGATCTTCTGCTGTTGCTTTCCTGAACGC,002069F|arrow|pilon,NA,34,47.82,0.168539503
15,15,002666F|arrow|pilon,28397,NA,50919_32,CLocus_50919,0.11993145,0.275284828,0.128330864,0.273499148,K,TGCAGGCTGTACCCGCTTTCAGTTCCAGTTTTAATAGTGGCCAAGTAGGCTACTATGGCTATTTGTTCATAAGGTGATGCTACCAGAGTGGCCTACCATCAAAAACAATGGAGAAAATGCATCCCATAACATTTTAACATGGAAATAGCTGTTCTATCATTCAGCCGACAGTAGCAGTCAATGTGTGGTGTTCAATGTAGACCTTCATTCCATGAGACATTTGAAATAAACATGCAGGGCTTGACAGTAACCTGTTTATCCACTTGACGTTCAGATAAGGGGGAGACTGAAAATGGTATTGTTAAATGCAAGAAAGTACTTTACAAAATAAAATGCATTAATACTCCCATACCATTATTACAGAGAATCAGACGAATGATGCTAAGGCCATTCTACTGACAATGTTTGTCTATGGAGATAGCATGGCTGTGTGCTCGATTTGATACACCTATCAGTAACGGGTGTGGCAGAAATAGACGAATCCACTAATTTGAAGGTGTATAGGAGAGGAGCTTTGTATAGGAGAGGAGAGATGAGGCCTCAGAGAGG,002666F|arrow|pilon,NA,NA,NA,
14,14,LG23,22204801,9.35,48397_180,CLocus_48397,0.287441329,0.039473436,0.073195986,0.039808496,K,TGCAGGCAGCCTTCATCAGGGAAAGGCAGGCACCCACTCACCTACTGGGGAGGCTCTCAGACCACCGCTGGGCAAAGGTGATTTGTCAGTAATAATGGATTTAATGCGTTTGAGCAAATTACCATTTCTGGGTAGGTAACCTGAAGTGTTATTTCCGGAAGGTGCGTGAGCTGGGGGAGCAGCTGGAGCAGGAGAAGGCCAGCTGTGAGGGCCTAGTGAGGCAGGATCGGCAGGCCGTGGAACAGTACTTCCAGGGGCTGGAGCTGGTGCTTGCCAGGAAGAAAGAGGCATTCATGGGGGCCCTGGACACCGCAAGCATGGAGGTGTCGCTGGCCTACGATCCACTCATCCAGAGGCTGAAGGAGCTGCAGGTAAGTATAGCCTGGGGTTGGGTGTTTTCATGACATCACTTCCTCACCTTTGATTCGATATTATGGTGCCACCCTTCCCCACAGGAGGAGCAGCTAGACTTGTTGTCTCTGGGCTCAGCTGTGGAGGATGAAGACTCCCCCCTGGTCTTCCTGGAGAAGGTGTATCTGTTCCGGGAGAGGGTGGAG,LG23,9.35,23,9.27,0.012382526
4,4,001703F|arrow|pilon,215982,NA,73675_24,CLocus_73675,-0.186189693,-0.175261707,-0.136604975,-0.053689207,Lipid,TGCAGGGTATCAGGTCTCAGGTGTAGCTAATGCTAATCCCCTCTGCCTGCTCATAGCTAAAGGACTGCAGCTGGACCCGACTCTGTAATAACCCCTTTAAGAGCACGGCTTAATAATAAACTGATAAAGTGTTACTCTCGGGCTCGCTGTCGCTACTAGCCTCCTCAGAACTGCACACTACGACCCTAGCTAACGATCATAACCCCTATAACACTCACCAGCACTCCTTCTCAATGTAATCCCTTAGCCTGTACTCATTAGCTTTCAACCCTGTGGTGGATAAAAGAGAAAAACACCTCATTTAATGATATGTGCACGTAACACCTGAAGCACTGTTTCCATATCACACACAGCTGCTTTTGTAAATGTAGCCCTATGTCGGAACATTGCTCAATCATTGAAGTCTGAACTTCATTGCTGCTCATCGTCACCTCTTTTCTCTCGCTCCCTATCTCTCTGTCTCTCTCTCTGTCTGTGGTTTGTTTCTCCCTTTTTGTCTATCTCTCCCTCCTCTCTCTGAATGATGAATGAGGTGAAGGAGATAAAAAGCTGACTGTGGCATAGATAAAAA,001703F|arrow|pilon,NA,34,48.29,1.173009195
12,12,002069F|arrow|pilon,128535,NA,28583_222,CLocus_28583,-0.107066642,-0.049936645,-0.215675404,-0.206238056,Lipid,TGCAGGCTGATTACACCTCTGCTCGTAGTTTCACTCAGTTTGGTGATCTCTGGATATTTAGAAAAGATACTTGGAGACGTAGTAGCGAAACAGATCAGCTCCAATCTTTGCCCGTGGTCCTTCTGGTGGAGTGTGTGGAATCAATGTTTCTCCCGGGTTGCTGTTCTTGTTGGCGTTACAGACAGTGCACTGAGACACAATGTCCTCAATCTGTGTTGACATACCTGGCCAATATTGAATGTCTCTTGCTATTTCTTTGCACTTGACTATTTCCAGGTGTGATTTGTGAACTATGTTCAGCATTTCTTGTCTCTTGATACAATAAGCTTTGCGGCTTTGAACATCCGTCCTAAACTGTAGCTGATTTCCTCCTTGAATGTCCAGTATGGATTGATTTCTTTGGGAACCTCACTCTATTCACTGGGCCATACGCTCATCGTTGTTTCTCTCAGCAGTTGTATTGTGGGATCTTCTGCTGTTGCTTTCCTGAACGC,002069F|arrow|pilon,NA,34,47.82,0.254459777
11,11,LG1,27123813,36.05,69893_113,CLocus_69893,0.120320701,0.154271185,0.077145773,0.031831314,Lipid,TGCAGGACAGGCATCACTCCACCTTCCCACGTCATCTCATCTTTGATCATCTACACGTGTGTGTGTGCTGCATGTATTAATTCAGTAATTTCGCAATGTTGGTGGATTTTCTTTCACCCGTAATACATTTCATCAAAGGGATTCATTACACGTGATATCTACCACCATGTACATGTCTGCATTCCTTGCTGGTGTTAAAATCAGCCTGGTGGCGGTGTGAGTTTGAACTTTGCCTCCCACGCACTGCCGCATCAACCCAAAGAGAAGTTAGCTCTGTACTGTACTAAAAGCAGAACCATACAGCCACTCAACTAAAACAGAACACTGTGTCTTGTCTCGAAAGGTTTGATAAACTGCTAAAAGTGGCACATGGCAGAATGTCAGTTCACAGACCGAGAGCCTGACGTGACTCTAAGGTCAGTGACTCAACAACAAATAATCGATCCATTTCTAAACCCCTCTGGCAGTAGGGCTTGAATGCACAGCACCGTACAGTCAGAGAGGGAGTCAGAGAGTTCAGACTGGTATTTCTTTTCGCAGCAGGGGTCTGAGTGGCACTTGGCTCAATGCAGCTATCTCTCTGTGGTCTATGT,LG1,36.05,1,37.65,0.144001184
7,7,LG13,21843029,45.33,14988_68,CLocus_14988,0.102071498,0.167282713,0.301770466,0.048857808,Lipid,TGCAGGGCTGTGTTCAACGCTGCACCACGAACAGGCTGCTTTTCCTCTAATAAATGCAGGTTGACGTTTATTGTCATGAGTCTTGCATTGGAGGCAGAAAGAACTAAGTGGTTTCCACTACACGGGCATGCTGCAAAGTAAAAATTGGCAATAAAAATTCATGAAAAAACACTAGCTTTTTAGTCTTCATTTAAGGTTAGGCATTAGGGTTAGCAGTGTGGTAAAGGTTAGGTTTAAAATCAATATGACTTTTTGGTAGTGCCAGCTAGTGACCACTCTGCAGAACTGCCTCCAGTACATGAGTCATCTCAATAAATGCCAACCTGCCTAATAAACACAGACCAGAGTGATGTGGTAACAGACCCTGGAAACAACATCCCACCTGCTCACTACTATCGTACAGCCTTGTAGATCAATAAACATTAATTGAATGCGTCTCTTAGCATCAACATGACAGCACAAGCCAACTTAGACACACCCTCAATAGCGACACATCTAGGACTCTAGTGTTCTGCACATGTATCAGGTACTGTACGAAGCACTACTGTGTATGTCTGAATCATTTATGTTGTACACATGCAGAAGTAGAGAGGAGATCCAGCAATTTGGAGAGCGAAGTAGCGGCAGTGCTCCCTTCTC,LG13,45.33,13,45.75,0.023683876
5,5,LG21,17483207,43.86,91657_206,CLocus_91657,-0.263627741,-0.185479682,-0.199818487,-0.213504737,Lipid,TGCAGGTTTGACTTCTCATGACACATTTTGCAGCAGTGGAAAAACATGGCCGCACCTACAACCACACGAATACACACACTCAAACACAGGAACACGCATAGACAGAAGTGTGATCTATGTGCACGTCATCCTGAGTCCGATACGGCACAGACTACTCTGACACCCATTTCCTCTCTCCCTTCCGCTTAACTCTCCCTCTCCTTCCGCCGCTGTCTCCTCCACTGCTGTCCAGGGACAGGCAGTCCCTCCCTCCCTCTCCACTGAATTACAGTGCATGAGGCTCATATGGTGTACTCTGCTAGGCTGTGGCTATCTGCTCCACCAGAGACATTCTGATAAGGCCTATATGGTACCACCCTCATCGCTAGCATTGAGAATTTGAGATACACACAAACAAACAGGTAAACAAGGGCATCTAAACACCAGGTAAGTGATGTCCATTCAGTAGAGCTAGCCAGGTCTGGTCTGGTGTATTGGCTCTTCACCATCACTAAGTGATCCCCTCTGGGAATCAATTCAATGAATTCATTAAGTCAGCTGAGGTCTGAGCTCTGACAACCTTGACGCCTGTACCTAGTCCTCTGACTTCCATTGAAGAACCACCACAACATAGCAATGCTAGCATTTATACATAGCATTTATATATTTG,LG21,43.86,21,44.47,0.806611652
8,8,LG22,5575494,35.29,23471_59,CLocus_23471,0.052088515,0.122892849,0.026976445,0.125905579,Lipid,TGCAGGAACACCTGTCACCATCTGATCCAGCTAAGACTTGATGAGCATAGTGTTTTGTGGAGCTGTTTATACCGTGTCAGTGTGAAAAGTAGTGAATTAGCTGGGGAAACTGACAGATCAATAACGTTAAATTCCTATACTGACAAATAAAAATAAGTTCCGAATATAAGTATTCAATCGTTTGGCCGCTGGTTTCATCATTTGATCCAGGCCTAGTATGATTGAGAAAAAAATAATTGCTAAAGTTAGTGAGCTAGCTAGCTAGCTAACGTTAGCCAACTTTTGTCTGGTTCTAGCCAATGTACAATGTACATTATGTACATGATCATATTTACTTCTGTTGAAACGGGACAAAACAAAGGCTACAAAACATTTCCATACATACAACAGCTGTTAGATACTGCTACCTGACAGATAGCTAGTTAGAGGCTAGCTATCTGAACTGGCTGTGGTAGCTACTACCTAACTAGCTGCTAGTAGTTCATTCACAATGAGTCTCAGACAGTTTGCAATGGAACAAACCAGAGGGGGGCATCGTTTACTACCTAAATTATTGGGATAATCTCATTACCACCAGTATTTGGAATACA,LG22,35.29,22,35.52,0.660681953
2,2,LG22,5740131,35.77,47288_51,CLocus_47288,-0.199006383,-0.127717998,-0.061751421,-0.043752172,Lipid,TGCAGGGAGAGATAATTACAGAAATGGAGTGGAAACAGTGCGTGTGTGTGTGCTTGCGTGCGTGTCAGTGTTTCCAGAGCTCTGAAGATGGGCCCTGTCCAGGCTCTGTTCCCAAACACCTTTTGATTTACTCTCTCCAGACCAAACCTCTTTACAATGCTTCCCACTTTTCTGGGAGTGAAGAGCTGTGTGTGTGTGTGTGTGTGTGTAATTATAACGGCCTTGTGTATGTAACAGGAGGATCATAGGATGTGATGTGACTGAGGAGCACTGGAAGTGGAGGTGTGTGTCTATTTGATTGATGTGTGTTGTGTTTTGTGGTTTGGGAGAGGCTTGTTGTGCTGGAGGGGGGTGCATCTCTCCCTCTCTCTCTTGATCGGATGTTGGCAATCGGATCGAATTCATTCTTAGAATTTTGTATTTCAAAATGTATAATGAGATTCTCATAATTCGTATTGGGATTCAGATTTGGTAATCCAATCCAATTTTTAATCAGGATTATATGTTCTTGAATGACTGATTTAATTATGGGATTG,LG22,35.77,22,35.95,0.660681953
3,3,LG24,12348445,47.36,67283_160,CLocus_67283,0.281522772,0.099189818,0.134613976,0.021514359,Lipid,TGCAGGCACCCGGGCCGCAATGTAGTACCTTAGGCCCCAAGGAAGGTGTTCTTAATGTTTTGTACACTCAGCGTATAGTTGGTTATGAATTTATTCATAGCTGTTTATCTGTTACTGTTTCAACTTTAGCTACAAGTGAATAGGACAACAGATCAGTTGAGCTGTTGGCTGCAGAGCTGGGGCAGGCAGCTGCTCCTGTTGTAGTTCCTTCCAGTAAGGCACTCAATTATCACTATTCATTCTGTGCATGGTCATGCTTACCGCAGCTCCCAACTACAGCTAGGCCCTGCCTTACACGACACAGAATTGGACCAATTTGGCCAGGAGCCTGTTGGACAAGTAGCCACACTGTCTAACAAAGAACAGCTTGCTTGGAAATAATGAGATTGCTTGTCTGTTAACAGCCTACATTCTAATTTGAGAGGATGACAGTTTTGTCTAATCAAAAACATGGGTCATGCTCTACTCTAACCCCTCAACATAGCCAATCCTGACTCA,LG24,47.36,24,47.19,0.815366326
1,1,LG26,29177361,27.12,33926_8,CLocus_33926,-0.233348242,-0.196305999,-0.233893645,-0.054379472,Lipid,TGCAGGCGTGACACAAAACGCAGAAATAAAAATATAATTCATGCCTTACCTTTGACGAGCTTCTGTTGTTGGCACTCTAATATGTCCCATAAACATCCCAAATGGTCCTTTTGTTCGATTAATTCCGTCGATATCCAACGTGCCCATTTGGCGCGTTTGATCCAGAAAAACACCGGTTCCAACTTGTGAAACATGACTACAAAATATCTCAAAAGTTACCTGTAAACTTTGCCAAAACATTTCAAACTATTTTGTAATACAACTTTAGGTATTTTTCTACGTAAATAATCGATACATTTGAAGACGGGATGATCTGTGTTCAAAACAGGATTAAAACAAACTGTAGCTAGCCTTCTGGTCATGCGCCTCTAACAAACAGGACACTTCGAGTGACCCTCGTTCAAGATGGCCGTACTTCTTCATTACACAAAGGAAAAACCCTCAACCAATTTCTAAAGACTGTTGACATCCAGTGGAAGTGGTAGGAACTGCAAGAAGGTCAATTAGAAATCTGTATTCCCAATGAAAAATCATTGAAAAGAGAGTGTCCTCGGGGTTTCGCCTGCTAAATA,LG26,27.12,26,26.79,0.05120582
13,13,LG35,6492498,35.24,97377_53,CLocus_97377,0.016243379,0.190190574,0.217818405,0.157782812,Lipid,TGCAGGAGTAAGATATTGACCTGAGCACAAGAGATCATACCCCCCTCACCTGTCAATATTGGGATGAACTGAGAAACTACAATCAGGTAGAGACCCTGGTAGGGACGACTAGAGGCCATGGATCCTGCCACTGCAGACAATGTAAATATACTGTATTCATATATCCTCATATATGCTGTTGAATAATCAAACAACTTTGACAACAATGATGTGCAATGTCGGTGATGATACAATGATAAATGATGTAAAGGAGCTCAACAGTAGCTATGCAGGGTTTGGTATACACATGTATTTGGCCACCTAAGACTATCTACTGTATTCCAACTGTAATCAAAGATTGATACTGATAATATCCATGGTACTCATTGAAAGCATGTTGAACTTTAACCTTTTGGATGTTTTAATATTTGCTTTTTAGTGGTTGTTGGTCTTTGTTTTTTTCTAGCTTGGTGAAATATTATGGTAAAAGCAGCAATCAGGCTGGTTCCACCAGGCTAGTTTTTTTCATCATCACGTGTGCAATTAAACTACAAAACAGTGCAGATATTTCTTAAGTTCCATTTGTTTTGAAATAATGTGCTTTGTGAAACA,LG35,35.24,35,35.17,0.02490936
6,6,LG38,8694523,6.16,91695_44,CLocus_91695,0.186551629,0.004067179,0.001532369,0.135559821,Lipid,TGCAGGGATGTAGTGGAGGCTAAACGCACAGAAACACCTTTTAGTTTGTGAATAGCATATACGCACTTATTTACGAAAAATGTACATTGTTTGTATTCCCCACCCTAAAACAAAAATGGAAATAAGCCCTCTGGGATTGTTTGCCTCCATTGTTTTAATGGTTTTAAATAATCCATCAATTAAATTGAATGTGTGTGGAGCCTCGAGGGGTAGCCACTTAAAGTAACTGTGCAGTGTTTCCAGATTTCTATTAAATATGACCTATAATTAATTACAATATGAGTGAAATAGTTTTCCGTCCAAAAAATGGTCATTAAGTATATTAACAAGAGTCGATTCAATCTAAGTAACATAAGAAAAAAATCCCCATCAAAATCTGTCAGTCTCAATCCACCTACAGGGTGTCGCACTTCCGCATCTGCGGTGAAAGGTGGCAGAGCTAGAGCAGGGTTTGTTAGACCATGAGACATCCTGAAAATTGGGTCTTCTCATGAAAATTAAAATGTCTGTAGTGTCCAAACGGTTTGACCTAAAAACTACTATGACCACTATATGGAAAGGGGAGACTCTACGACCCCCACAGGTGTCACAGGACTTGTCTGAAGGT,LG38,6.16,38,6.37,1.172491532
10,10,LG5,10331281,7.11,43554_188,CLocus_43554,0.23554562,0.138426559,0.221057146,0.07189515,Lipid,TGCAGGTTCATGCTCTACAACATCTGTAGAGTACGACCCTACCTCACACAGGAAGCGGTGCAGGTCCTAATCCAGGAACTTGTCATCTCCCATCTGGACTACTGCAACTCTCTGTTGTCTGGGCTCCCCGCTTGTGTCCTCACACCCCTGCAACCGGTCCAGAATGCTGCATGTCACCCCGCTCCTCAGCACACTCCACTGGCTTCCAGTCGAAGCTCGCATCCACTACAAGACCATGGTACTTGCCTACGGAGCAGCAAGAGGAACTGTCCCACCCTACCTTCAGGCTATGCTTAAACCCTACACACCAACCTGAGCACTTTGTTCTGCCACCTCTGGTCTCTTGGCCCTCCCACCCCTACAGGAGGGCAGCTCCCGCTCATCCCAGTCCAAGATCTTCTCTGTCCTGGCACCCCAAGCGTGGAACCAGCTTCCCCCTGAAACTAGGATAGCAGAGTCCCTGCCCATCTTCTGAAAACATCTGAAACCCTACCTCTTCAAAGTGTATCTTAAACAGTCAAATCGAGGCTGTTCTGAAGACAAAAGGGGGTGCAACTCAATATTAGGAAGGTGTTCCTAATGTTTTGTATACTCGGTGTACGTACAGTGCTTTCGGGAAGT,LG5,7.11,5,6.08,1.403535
9,9,LG5,51952414,96.53,42626_187,CLocus_42626,0.142652641,0.278068004,0.026448472,0.193909952,Lipid,TGCAGGGGAGAACCCAGTTCAGGTTACTAGACTGACCACTGAGCAGCACAAACTGAATGACCGCAGTGCCAAATGAAGTATGGTCCAGTAGATATATGGTCCAGTGATAGTGAATGAAAAACTCAGGGATTGATGCTTTTAGATTCCTCAGATTCACATCTAGTACAGTATATTGATCTAAACATTTAATACAGTAGTGTGAGATATGGACTCAGACCAGTTAGAGATATCAGCAATGTCTTCTACAGAGCTGACATGATACTTTTCACAGAGAAGCACAGATCAAACCTTGTACTTTCAGCAAGTTCAATATCCTTCTCAATATAACAGATGACAAAAGCAGCAGTGAGTGGCCTCAAGGAGCTGAGTTTGGCGCCCTCTGATGGCTGTACCTGTTTGGAGATTGAGGCATGTCGGATGTGCATGTGGTGGGTGAGTTTGATGGACTGCGCCCCATGGATTCAATGGAGCCACACCTGAAGATGAAAAGCAACATGAAAGCCTGCCT,LG5,96.53,5,95.99,1.420924879
